id,game_id,name,storyline,first_release_date,follow_count,hype_count,critic_rating_value,critic_rating_count,user_rating_value,user_rating_count
215752,237798,Another Pokémon Game,NULL,2023-02-15,NULL,NULL,NULL,NULL,NULL,NULL
181359,52197,Camp Pokémon,NULL,2014-10-21,NULL,NULL,NULL,NULL,NULL,NULL
22628,95746,Color by Number: Pokémon Pixel Art,NULL,NULL,NULL,NULL,NULL,NULL,NULL,NULL
152082,239127,Google Maps: Pokémon Challenge,NULL,2014-04-01,NULL,NULL,NULL,NULL,NULL,NULL
162525,4564,Learn with Pokémon: Typing Adventure,NULL,2011-04-21,NULL,NULL,NULL,NULL,68.0000,0
211164,4563,My Pokémon Ranch,NULL,2008-03-25,2,NULL,40.0000,1,50.5959,12
232436,135142,New Pokémon Snap,NULL,2021-04-29,2,4,81.2500,14,73.9083,32
125298,60055,Odoru? Pokémon Ongakutai,NULL,2015-06-29,NULL,NULL,NULL,NULL,NULL,NULL
234029,234098,Play to Befriend a Pokémon!,NULL,2011-03-28,NULL,NULL,NULL,NULL,NULL,NULL
179430,63048,Pocket Monsters Advanced Generation: Minna de Pico Pokémon Waiwai Battle!,NULL,2004-07-13,NULL,NULL,NULL,NULL,NULL,NULL
218339,181505,Pocket Monsters Advanced Generation: Pokémon Suuji Battle!!,NULL,NULL,NULL,NULL,NULL,NULL,NULL,NULL
162795,181507,Pocket Monsters Best Wishes!: Chinou Ikusei - Pokémon Daiundoukai,NULL,NULL,NULL,NULL,NULL,NULL,NULL,NULL
171089,125325,Pocket Monsters Diamond & Pearl: Pokémon wo Sagase! Meiro de Daibouken!,NULL,NULL,NULL,NULL,NULL,NULL,NULL,NULL
154193,266836,Pokémon,NULL,2023-08-24,NULL,NULL,NULL,NULL,NULL,NULL
116748,221996,Pokémon,NULL,NULL,NULL,NULL,NULL,NULL,NULL,NULL
106111,254167,Pokémon 2000 Adventure Game,NULL,2000-07-21,NULL,NULL,NULL,NULL,NULL,NULL
48891,240935,Pokémon 3D,NULL,2012-08-21,NULL,NULL,NULL,NULL,NULL,NULL
171253,266562,Pokémon Academy Life,"The majority of your time will be spent in the Kobukan (koh-BU-kahn) region, located fairly equidistant from the six regions. As Red (or custom player name), you are the dynamic protagonist who will interact with a plethora of characters. The story will progress in different branches depending on who you choose to talk to, who you try to befriend, pursue as a romantic interest, who you choose to help, and much more throughout your three years at the academy.",NULL,NULL,NULL,NULL,NULL,NULL,NULL
144977,245422,Pokémon Advanced: Cyber Poké Ball 2,NULL,2005-12-31,NULL,NULL,NULL,NULL,NULL,NULL
246663,143190,Pokémon Adventure,NULL,2000-12-31,NULL,NULL,NULL,NULL,NULL,NULL
204782,6898,Pokémon Alpha Sapphire,NULL,2014-11-21,42,1,88.3333,3,81.1084,182
44777,232685,Pokémon Altar,NULL,2022-07-31,NULL,NULL,NULL,NULL,NULL,NULL
80820,153510,Pokémon and the Last Wish,NULL,2021-06-11,NULL,NULL,NULL,NULL,NULL,NULL
239140,193163,Pokémon and the Last Wish Part II,NULL,2022-02-21,1,NULL,NULL,NULL,NULL,NULL
215779,241776,Pokémon Añil,NULL,2023-03-23,1,1,NULL,NULL,NULL,NULL
166920,7410,Pokémon Art Academy,NULL,2014-06-19,2,1,79.8333,7,67.6887,6
93832,57344,Pokémon Bank,NULL,2013-12-25,1,NULL,NULL,NULL,NULL,NULL
238036,2325,Pokémon Battle Revolution,NULL,2006-12-14,9,NULL,53.2500,4,68.1499,65
175225,8589,Pokémon Battle Trozei,NULL,2014-03-12,1,NULL,NULL,NULL,NULL,NULL
49226,229043,Pokémon Battle Woods,NULL,2022-03-26,NULL,NULL,NULL,NULL,NULL,NULL
188729,220853,Pokémon Battle-e,NULL,2003-06-07,NULL,NULL,NULL,NULL,NULL,NULL
214786,77182,Pokémon Battrio,NULL,2007-11-21,NULL,NULL,NULL,NULL,NULL,NULL
135483,147005,Pokémon Beekeeper,"You are the owner of an apiary.
You and Herdier farm honey and sell it in the nearby city.
Use that money to buy more nests, upgrade your team, or stimulate the bees!
The hook: You have 9 days to get enough money to pay off your rent!
Get enough money, and become a multi-millionaire from selling honey!",2021-02-28,1,NULL,NULL,NULL,NULL,NULL
140343,243995,Pokémon Bizarre,"Pokemon Bizarre is a Pokémon Fangame in which you explore the vast and crazy region of Quintueles, filled with weird locations and stupid chharacters that will keep you entertained during your journey. Obtain eight medals and discover the project in which a group of scientists have been working on during the past years and travel to a vaporwave, parallel world thanks to Hoopa's Portals.",2022-12-31,NULL,NULL,NULL,NULL,NULL,NULL
215755,18447,Pokémon Black & Blue,NULL,2012-10-08,1,NULL,NULL,NULL,NULL,NULL
127912,1521,Pokémon Black Version,NULL,2010-09-18,63,NULL,88.0000,6,81.3909,293
250122,8284,Pokémon Black Version 2,NULL,2012-06-23,38,NULL,82.2857,7,83.0009,144
93595,145096,Pokémon Blaze Online,NULL,2021-03-24,NULL,NULL,NULL,NULL,NULL,NULL
65054,1511,Pokémon Blue Version,"The player character starts out in Pallet Town. When the player character tries to leave the town without a Pokémon of their own, they are stopped in the nick of time by Professor Oak, who invites them to his lab. There, he gives them a Pokémon of their own and a Pokédex, telling them about his dream to make a complete guide on every Pokémon in the world. After the player character battles their rival and leaves the lab, they are entitled to win every Gym Badge, compete in the Pokémon League, and fulfill Oak's dream by catching every Pokémon.",1996-10-15,113,NULL,NULL,NULL,86.0442,388
215739,250467,Pokemon Bois,NULL,2023-03-03,NULL,NULL,NULL,NULL,NULL,NULL
163100,93046,Pokémon Box: Ruby & Sapphire,NULL,2003-05-30,NULL,1,NULL,NULL,NULL,NULL
14394,196863,Pokemon Breeder,NULL,2007-06-05,NULL,NULL,NULL,NULL,NULL,NULL
247050,144051,Pokémon Brilliant Diamond,NULL,2021-11-19,4,1,78.7500,4,57.3188,43
130577,150549,Pokémon Brilliant Diamond and Pokémon Shining Pearl Double Pack,NULL,2021-11-19,NULL,NULL,70.0000,3,NULL,NULL
74657,239197,Pokemon Broken Circuit,NULL,NULL,NULL,NULL,NULL,NULL,NULL,NULL
161029,146979,Pokémon Bushido,"The story of Pokémon Bushido revolves around you, the child of the Royal Samurai.
After training under Sensei Sukiro for years, the time has come for you to get a Pokemon and become an official Kenshi.
However, upon attending the Kenshi Initiation Tournament, you experience an unexpected turn of events, causing your journey to take you throughout the major villages of the Aisho Region! You will challenge all the various clans and earn merit for yourself while stopping the Akui Clan in their tracks. As you travel the region, you will meet new friends, and enemies, who will shape your adventure.",2021-03-15,4,1,NULL,NULL,NULL,NULL
132710,135233,Pokémon Café Mix,NULL,2020-06-23,3,1,NULL,NULL,48.2320,7
129842,178359,Pokémon Café ReMix,NULL,2021-10-27,NULL,NULL,NULL,NULL,NULL,NULL
123891,131316,Pokémon Card Game: Asobikata DS,NULL,2011-08-05,NULL,NULL,NULL,NULL,NULL,NULL
211948,11720,Pokémon Card GB2: Great Rocket-Dan Sanjou!,NULL,2001-03-28,3,NULL,NULL,NULL,81.4888,6
47561,260097,Pokémon Castaway,NULL,2018-08-10,NULL,NULL,NULL,NULL,NULL,NULL
228325,2643,Pokémon Channel,NULL,2003-07-18,4,NULL,NULL,NULL,53.6872,20
49231,55011,Pokémon Chasm Crosser,NULL,2017-12-31,NULL,NULL,NULL,NULL,NULL,NULL
45150,249112,Pokémon Chess,NULL,2023-04-03,NULL,NULL,NULL,NULL,NULL,NULL
59407,142918,Pokémon Clockwork,Discover a brand new world filled with adventure and mystery surrounding the Mythical Pokémon Celebi!,NULL,NULL,NULL,NULL,NULL,NULL,NULL
128127,2725,Pokémon Colosseum,NULL,2003-11-21,22,NULL,NULL,NULL,71.4462,103
199982,182241,Pokémon Community Game,NULL,2020-05-24,3,NULL,NULL,NULL,74.0000,5
213313,2288,Pokémon Conquest,NULL,2012-03-17,6,NULL,74.0000,7,78.1550,45
65810,250532,Pokémon Crater,NULL,1999-06-30,NULL,NULL,NULL,NULL,NULL,NULL
167614,45690,Pokémon Crazy Drummer,NULL,2003-02-01,NULL,NULL,NULL,NULL,NULL,NULL
225912,1514,Pokémon Crystal Version,NULL,2000-12-14,83,NULL,85.0000,1,88.6942,340
767,198851,Pokémon Cyclone 2,NULL,1999-12-31,NULL,NULL,NULL,NULL,NULL,NULL
213732,147178,Pokémon D.W.,"This game is just about 100% open world, you can do whatever you like, but the ultimate goal is to escape the town, you can do so by beating the main guard in a Pokébattle.
Trade evolutions like seadra into kingdra are handled by using the trade item on them.
Levelscaling is enabled for this game, that way you can keep exploring the same maps without overlevelling.
The game is a bit dark (not super edgy or anything) so if you don't handle stuff like that very well then I don't recommend you play this game.",2020-08-10,NULL,NULL,NULL,NULL,NULL,NULL
210793,18594,Pokémon Dash,NULL,2004-12-02,4,NULL,60.0000,1,33.2954,24
196049,241389,Pokémon Daybreak,"A meteor has struck, and you, the local professor's new assistant are assigned to the case. However, some mischievous individuals have beat you to it; and are inspecting the meteor for their own purposes. Who are they, and why is the meteor imperative?",2020-07-22,NULL,NULL,NULL,NULL,NULL,NULL
233306,264130,Pokemon Daycare,NULL,2019-09-12,NULL,NULL,NULL,NULL,NULL,NULL
79696,172745,Pokémon Deluge,NULL,2011-12-31,NULL,NULL,NULL,NULL,NULL,NULL
93316,140695,Pokémon Desolation,"You and your two friends, Ava and Scarlett are on a trip to the Ayrith Region, a large land mass split into several islands. With a freshly made trainer license, you are preparing to challenge the local Pokemon league and hopefully have an unforgettable and fun time with your friends. Unfortunately, a gang war between two mysterious groups erupts and you are separated from your friends and thrown into an island with an unfriendly passenger named Connor who does not hide his contempt for you at all but is willing to work with you. Scrounging up a stray Pokeball from the wreckage of the boat and on the run from the unfriendly natives who worship a man named Kuiki, you and Connor seek to find your friends and survive. Unfortunately things get even more complicated when you are entangled with the machinations of a man calling himself Shiv who knows you for some reason, and the idealistic Utopian dreams of a woman called Nova. Both with strange powers that defy reality and both wanting your support. How will you make your way in this island of mystery and deception? Things may not be all they seem...",NULL,NULL,NULL,NULL,NULL,NULL,NULL
247045,1560,Pokémon Diamond Version,"The games chronicle the adventures of a new Pokémon trainer who strives to become the Pokémon League Champion by collecting and training Pokémon. Like most games in the series, Diamond and Pearl feature eight Pokémon gyms led by Gym Leaders, professional trainers whose expertise lies in a particular Pokémon type. Gym Leaders (Roark, Gardenia, Maylene, Wake, Fantina, Byron, Candace, and Volkner) serve as bosses and reward skilled trainers with Gym badges, key to the advancement of the plot. As in Ruby and Sapphire, the protagonist must also thwart the schemes of a crime syndicate (and here, it is Team Galactic), who plans to use Pokémon to restructure the region into a utopia.

Like all other Pokémon RPGs, Diamond and Pearl begin in the protagonist's hometown. After viewing a television report about a media-conducted search for a Red Gyarados, which was spotted at a faraway lake (Johto's Lake of Rage) the protagonist and his or her best friend travel together to check the local lake for a Pokémon like it. They spot Professor Rowan, a Pokémon evolution researcher, and his assistant, the playable character not selected in the game: Lucas (boy) or Dawn (girl). After a short discussion, the professor and his assistant leave the lake, leaving a briefcase behind. When they are attacked by wild Starly, the protagonist and his or her rival examine the case. The player is then given a choice among the three Pokémon found in the briefcase (Turtwig, Chimchar, or Piplup) with which to battle the Starly. After defeating the Starly, Lucas or Dawn retrieves and returns the briefcase to the professor. Noticing that a bond has been forged between the young protagonist and his or her chosen Pokémon, Rowan offers it to him or her, asking that he or she embark on a journey and fill his or her Pokédex.

The protagonist encounters the main antagonist, Team Galactic, early in the game, when he or she must save Professor Rowan from its thugs; however, its motives are unclear until later. The protagonist encounters the Team twice (when it takes over a wind farm and when it sets up a base in Eterna City) before it takes over Sinnoh's three lakes in an attempt to capture the Mirage Pokémon (Uxie, Azelf, and Mesprit). Shortly after the player earns his or her seventh Gym Badge, Team Galactic captures the Mirage Pokémon and imprisons them inside the science laboratory of the Team Galactic Headquarters Building, where its members extract crystals from the Pokémon to create the Red Chain, an object that can control the legendary Pokémon Palkia (in Pearl) or Dialga (in Diamond) (both in Pokémon Platinum, though Giratina appears after this). After releasing the trio, the protagonist is able to access the cave atop Mt. Coronet, where the leader of Team Galactic awakens Dialga or Palkia. The legendary Pokémon's powers begin to overwhelm Sinnoh, causing the newly free Uxie, Azelf, and Mesprit to attempt to stop it. The player then battles Palkia/Dialga; after defeating or capturing the Pokémon, Sinnoh returns to normal. After this, the player will continue, eventually battling the Sinnoh Region Pokémon League's Elite Four: Aaron, Bertha, Flint, and Lucian. After defeating all four members, the player will battle the Sinnoh League champion, a woman named Cynthia, who had appeared before in the game. If the protagonist beats Cynthia, he or she is the new Sinnoh League champion, beating the game. After the player beats the game, there is a new island to explore that is filled with other types of Pokémon. His or her old friend, who challenged him or her to battles multiple times before, will be waiting for him or her here. The old friend will challenge the player to another battle. On this island, there are also stores and a tournament center.",2006-09-28,58,NULL,83.3333,3,79.3254,274
205806,24945,Pokémon Dream Radar,NULL,2012-06-23,3,NULL,NULL,NULL,46.8824,9
62308,210474,Pokémon Dream World,NULL,2010-09-18,NULL,NULL,NULL,NULL,NULL,NULL
244929,27052,Pokémon Duel,NULL,2016-04-12,1,NULL,69.5000,2,62.4779,8
201891,250629,Pokémon Edición Reloaded,NULL,NULL,NULL,NULL,NULL,NULL,NULL,NULL
18119,198862,Pokémon Electronic Battle Arena,NULL,2000-12-31,NULL,NULL,NULL,NULL,NULL,NULL
150648,1517,Pokémon Emerald Version,"Both Team Magma and Team Aqua are featured as the villainous teams, each stirring trouble at different stages in the game. The objective of each team, to awaken Groudon and Kyogre, respectively, is eventually fulfilled.
Rayquaza is prominent plot-wise, awakened in order to stop the destructive battle between Groudon and Kyogre. It is now the one out of the three ancient Pokémon that can be caught prior to the Elite Four challenge, while still at the same place and at the same high level as in Ruby and Sapphire.",2004-09-16,119,NULL,60.0000,1,85.9568,491
71105,221394,Pokémon Empyrean,"The story takes place in the Omuran Region, after the latest evil team, ""Vordev Group"" has been defeated by a pokemon agent team lead by your father, Hal. Although the Group was defeated, some of its core members escaped. Present day, you and your father arrive in Selene Town for vacation, but soon, Hal is notified that the remains of the Group were found, and he runs off. Unfortunately, things do not go well, and Hal is captured by the remnants of the Group, that joined forces with a mysterious entity. Your quest will be twofold, to become the best Pokemon trainer, and to rescue your father.",2018-07-20,NULL,NULL,NULL,NULL,NULL,NULL
53851,241388,Pokémon Eon Guardians,"On your journey to become the Pokémon Master of Terre, you'll face several obstacles that you need to overcome. Not only the eight gym leaders of the region will make your life difficult, but other Pokémon trainers who pursue the same goal will stand in your way. And then there is also the mysterious Team Gaia, who have their own views in terms of evolution and natural selection...

The guardians of the Terre region, the Eon Pokémon Latias and Latios, have been protecting the region since time immemorial. Will they also manage to protect the people and Pokémon Terre from this dangerous organization?
Or will they need some help?",2022-08-13,NULL,NULL,NULL,NULL,NULL,NULL
105752,188539,Pokémon Ethos,"When your father goes missing during a routine trip to Juletone City, it's up to you to discover his whereabouts!
Travel through a region fresh off the heels of legalized Pokémon training, battling the newly established Gym Leaders on your way.
Hone your skills for the inevitable confrontation with NOVA: The National Outcry of Valiant Allies!
Learn the truth of what happened to your father on that faithful night with the ""help"" of your rival, the superhero wannabe: Howlight Harlequin!",2021-08-10,1,NULL,NULL,NULL,NULL,NULL
184455,272077,Pokémon Fairies,NULL,2021-03-13,NULL,NULL,NULL,NULL,NULL,NULL
141094,205126,Pokémon Feuergrün,"The time has come! You're finally old enough to own your first Pokemon! Of course Professor Eiche is kind enough to give you 3 to choose from. But when you go to his lab to choose one, you burst into a robbery. A Team ShockIt member steals Eiche's E and the 3 Pokémon! What now? You can't go after them to get the Pokémon back, because the boy at the end of the dump won't let you on Route 1 without a Pokémon. By a happy coincidence, Maike comes by! Despite being a total novice when it comes to Pokémon, she does own one. Finally, she does you the favor of retrieving the Pokémon. At first the task seems very simple. Run to Team ShockIt's HQ, defeat the few members, and retrieve the Pokémon and the E. But the Pokémon and the E have already been taken away. In a top secret laboratory. There they try to create the ultimate Pokemon! To make matters worse, after storming Team ShockIt HQ, the police are after you. After all, you trespassed!",2010-11-15,NULL,NULL,NULL,NULL,NULL,NULL
54235,135871,Pokémon Fire Ash,NULL,2017-08-31,NULL,NULL,NULL,NULL,NULL,NULL
222389,1559,Pokémon FireRed Version,NULL,2004-01-29,114,NULL,NULL,NULL,82.8156,449
2108,143758,Pokémon FireRed: Rocket Edition,"One fateful morning in Pallet Town, a newborn hero takes his first steps along his journey to becoming a Pokémon Master. With a love for Pokémon battle, and a burning desire to be the very best, he takes on the region’s Gym Leaders, and eventually conquers the Pokémon League. A well-trodden tale if there ever was one… but it is far from the whole story.

Behind Red’s seemingly simplistic Pokémon adventures lies a darker, more sinister plot – one that its original hero never hears of, but which holds significance for both him and the fate of the Kanto region. Sociopathic scientists, revenge-hungry nurses and corrupt Gym Leaders are just a few of the characters who show their true colors once Red turns his back, and the very people who appeared most friendly and considerate through his naïve eyes may in fact be secretly harboring the most malicious of intentions.

What is the connection between Lance, Giovanni and Professor Oak? What exactly happened during the Great Pokémon War? How was the mysterious Mewtwo created? Not to mention: what is the fate of the hundreds of Trainers Red so ruthlessly defeat? The answers lie in the story behind the story, and it begins deep in Kanto’s criminal underworld…",2020-04-09,NULL,NULL,NULL,NULL,NULL,NULL
215733,240005,Pokémon Floral Tempus EX,"The region of Rialtra, while beautiful, is filled to the brim with corruption that runs deep down to its roots. You are a trainer, who has reached the prime of their life and is ready to begin your journey. Leaving the Greenleaf Orphanage, you and your two friends Faye and Del, set off on a journey to explore the region of Rialtra and explore its deep history. However, our antagonists, Team Blight, have begun their movement and have placed their mark upon the region. When the situation arises, you and your friends must prove your strength and your wits to come out on top. Even when the enemy continues to grow stronger and stronger, your endurance, persistence, and perseverance will be tested. The region you grew up in is being targeted, and there are people that wish to see the region in despair. Will you be the one to stand up and fight back against your enemies?",2022-08-31,NULL,NULL,NULL,NULL,NULL,NULL
51067,250199,Pokemon Flux,"To combat the new Alter Pokémon and preserve peace and prosperity in Altera, the Altera Pokémon League was formed. The purpose of this League is to produce strong trainers to fight the Alter Pokémon, rewarding them with money and fame. This prominent league attracts trainers from all over the world and is structured differently from a typical Gym challenge.

After a championship match in Condor City, while going home, three friends meet face by face with the Alter Pokémon threat and soon after embark on a life changing journey across the Altera Region!",NULL,NULL,NULL,NULL,NULL,NULL,NULL
56646,93495,Pokémon Fushigi no Dungeon: Ikuzo! Arashi/Mezase! Hikari/Susume! Honoo no Boukendan,NULL,NULL,NULL,NULL,NULL,NULL,NULL,NULL
178193,18704,Pokémon Fusion Generation,"Professor Bill creates a machine that can fuse Pokémon and give life to ""hybrid"" creatures, like Pikavee...",2012-11-11,12,NULL,NULL,NULL,NULL,NULL
215741,232692,Pokémon Gadir,"Play as a young trainer who begins the challenge of the Gadir gyms. As you progress on your journey, you'll meet various characters who will help you on your journey through the region, as well as stop a villainous organization up to no good.",2022-07-30,NULL,NULL,NULL,NULL,NULL,NULL
172545,271941,Pokémon Gadir Deluxe,"Embark on a new adventure in the Gadir Region, where you'll challenge gyms and ultimately face the Pokémon League. Explore the Gadir region on your own and discover all of its secrets while meeting a variety of different characters who will explain the history of Gadir.",NULL,NULL,NULL,NULL,NULL,NULL,NULL
50011,131487,Pokémon Ga-Olé,NULL,2016-04-13,NULL,NULL,NULL,NULL,NULL,NULL
23301,253801,Pokémon Garden,NULL,2006-07-07,NULL,NULL,NULL,NULL,NULL,NULL
215773,252055,Pokémon Giovanni Origins,NULL,2023-02-25,NULL,NULL,NULL,NULL,NULL,NULL
221353,12515,Pokémon Go,NULL,2016-07-06,113,19,62.7273,11,65.9110,402
150815,1558,Pokémon Gold Version,NULL,1999-11-21,103,NULL,87.5000,3,86.4867,322
173409,228904,Pokémon Gray,NULL,NULL,NULL,1,NULL,NULL,NULL,NULL
237958,8377,Pokémon Green Version,"The player character starts out in Pallet Town. When the player character tries to leave the town without a Pokémon of their own, they are stopped in the nick of time by Professor Oak, who invites them to his lab. There, he gives them a Pokémon of their own and a Pokédex, telling them about his dream to make a complete guide on every Pokémon in the world. After the player character battles their rival and leaves the lab, they are entitled to win every Gym Badge, compete in the Pokémon League, and fulfill Oak's dream by catching every Pokémon.",1996-02-27,3,NULL,NULL,NULL,82.5080,24
215724,240006,Pokemon Heads & Tails,NULL,2021-04-05,NULL,NULL,NULL,NULL,NULL,NULL
250119,1556,Pokémon HeartGold Version,NULL,2009-09-12,71,NULL,85.7500,5,87.5347,281
218932,141960,Pokémon Home,NULL,2020-02-11,3,1,NULL,NULL,58.7012,10
18125,198863,Pokémon I Choose You Challenge,NULL,2000-12-31,NULL,NULL,NULL,NULL,NULL,NULL
235946,145370,Pokémon Iberia,"The Iberia region is a place full of life, party and bustling cities, but it also hides dark and sinister secrets that have been hidden for years. In Iberia there are Pokémon that have adapted uniquely to the region, acquiring characteristics of its ecosystem, history or folklore. During the adventure, characters with various intentions will appear: from pleasant companions to greedy villainous teams, to hilarious ruffians and corrupt politicians.",2019-07-12,NULL,NULL,NULL,NULL,NULL,NULL
124200,143761,Pokémon Infinite Fusion,NULL,2015-04-22,2,NULL,NULL,NULL,99.0587,14
194273,283399,Pokémon Infinite Heardle,NULL,NULL,NULL,NULL,NULL,NULL,NULL,NULL
113598,186130,Pokémon Infinity,NULL,2020-05-02,NULL,NULL,NULL,NULL,NULL,NULL
197715,18989,Pokémon Insurgence,"Meet the Torren region, a Pokemon land devastated by war and crime. Organization nicknamed as ""Cults"" run this region: they have the only purpose of adoring Pokemons in one way or another. A man, called Agur, came to Torren and destroyed half of the cults, with only five remaining, before disappearing without a trace. Another man proclaim to follow the Agur's legacy and destroy the cults.One year has passed. You wake up in the prison of the Darkrai Cult. Mew comes to your rescue. You don't remember anything.",2015-05-13,1,NULL,NULL,NULL,79.9819,6
118576,202405,Pokémon Island,"Previously the Pokémon Island was a island only of pokémon. There were very few people, most researchers like the notable professor Oak who studied the pokémon on island. However, three years ago has been proven the existence of pokémon Mew on the island.

Because this was a very rare pokémon, this attracted a crowd with many trainers who sought Mew, so the island was filled with trainers.

Many of them were very skilled and famous, others came in this island to challenge them, the island soon became a great meeting point for battles which led to the creation of many tournaments which also brought many viewers.

Many things happened in the last three years, has created a great battle place: The Colosseum and the trainers were classified according the victories there.

Many new pokémon were discovered on the island, others were released by other trainers, and some even went to stores. Most were discovered by explorers living in places never visited before. Some places are created to increase the diversity of pokémon that grew more and more.

And this is the story of this place, Pokémon Island.",2011-07-23,1,NULL,NULL,NULL,NULL,NULL
11477,229095,Pokémon Jade,"Team Wild is a team of rebel bandits who mainly scourge around Goldwhite Desert in the eastern bounds of Ario. They’re constantly searching for something but it’s not easy to know what. The player is slowly made aware of Team Wild’s ultimate plan, and what they’re searching for.

It seems that deep in the ruins of Goldwhite Desert lies an extremely powerful and mysterious legendary Pokemon. However, the only way to encounter this Pokemon is by using a key that is hidden somewhere in the mystery of Ario, and there are several riddles scattered throughout the region that, if solved and pieced together, lead one to the key needed to unleash this beast.

Team Wild’s leader wants to capture this legendary Pokemon because it has the amazing ability to wipe the memory of entire populations. The leader wants to use this power to clean the Pokemon world’s memory of how Pokemon ought to be treated and afterwards create a new society in which Pokemon are seen as currency, and slaves of sorts. He’ll be able to put himself at the top of the ladder in this new society as the owner of the most rare and unique Pokemon in all of Ario, the legendary Pokemon, therefore become the unrivaled dictator of Ario. It’s up to you to stop Team Wild from realizing this terrifying reality!",2018-07-18,NULL,NULL,NULL,NULL,NULL,NULL
110204,180959,Pokémon Jaspe,NULL,2019-07-12,NULL,NULL,NULL,NULL,NULL,NULL
250776,1516,Pokémon LeafGreen Version,NULL,2004-01-29,59,NULL,70.0000,1,83.3574,227
169357,144054,Pokémon Legends: Arceus,"The story starts with the main character getting sent back in time by Arceus to the Hisui region, the Sinnoh region of ancient times, with one task in hand—to seek out all Pokemon. From the same day onward, strange lightning from the rift starts striking the Noble Pokemon, causing them to enter a frenzied state.",2022-01-28,22,11,85.3333,12,77.8268,120
176379,221843,Pokémon Legends: Arceus - Daybreak,NULL,2022-03-10,1,NULL,NULL,NULL,NULL,NULL
114290,288327,Pokémon Legends: Z-A,NULL,2025-12-31,NULL,8,NULL,NULL,NULL,NULL
181374,119156,Pokémon Masters,NULL,2019-08-29,3,4,NULL,NULL,56.2141,27
129418,144248,Pokémon Masters EX,NULL,2019-08-29,2,NULL,NULL,NULL,70.0311,5
176606,253683,Pokémon Medallion Battle,NULL,2019-12-23,NULL,NULL,NULL,NULL,NULL,NULL
164708,59116,Pokémon Mega Get!,NULL,2015-11-01,NULL,NULL,NULL,NULL,NULL,NULL
183049,253787,Pokémon Mezastar,NULL,2020-09-17,NULL,NULL,NULL,NULL,NULL,NULL
234002,144721,Pokémon Mini: Snorlax's Lunch Time,NULL,2003-12-01,NULL,NULL,NULL,NULL,NULL,NULL
215758,265214,Pokémon Mino,NULL,NULL,NULL,NULL,NULL,NULL,NULL,NULL
236838,153675,Pokémon MMO 3D,NULL,NULL,6,NULL,NULL,NULL,NULL,NULL
151190,18099,Pokémon Moon,"Embark on a new adventure as a Pokémon Trainer and catch, battle, and trade all-new Pokémon on the tropical islands of the Alola Region. Discover the Z-Moves and unleash these intense attacks in battle. Call upon Pokémon with Poké Ride to discover new areas across the region and take on the Island Challenge Trials to become the Pokémon Champion!

Choose one of three new partner Pokémon that will accompany you as you set out on an all-new adventure and discover new Pokémon and regional variant Pokémon in the Alola region. Catch and train Pokémon as you encounter captains, and kahunas of the 4 main Islands of the region. Discover the mystery of the Legendary Pokémon while stopping Team Skull from causing chaos throughout the land.",2016-11-18,78,21,85.0000,3,77.5702,209
160531,135978,Pokémon Moon: Fan Edition,NULL,NULL,NULL,NULL,NULL,NULL,NULL,NULL
234605,2320,Pokémon Mystery Dungeon: Blue Rescue Team,NULL,2005-11-17,14,NULL,65.0000,2,76.7182,69
218317,2322,Pokémon Mystery Dungeon: Explorers of Darkness,NULL,2007-09-13,8,NULL,55.0000,2,80.4414,36
49063,2323,Pokémon Mystery Dungeon: Explorers of Sky,NULL,2009-04-18,10,NULL,50.0000,3,84.2616,57
218280,2321,Pokémon Mystery Dungeon: Explorers of Time,NULL,2007-09-13,10,NULL,70.0000,1,77.1240,47
244766,4566,Pokémon Mystery Dungeon: Gates to Infinity,NULL,2012-11-23,4,NULL,63.6667,7,66.1099,25
175786,103513,Pokémon Mystery Dungeon: Go For It! Radiant Adventure Squad,NULL,2009-08-04,NULL,NULL,NULL,NULL,NULL,NULL
218426,103511,Pokémon Mystery Dungeon: Keep Going! Wildfire Adventure Squad,NULL,2009-08-04,NULL,NULL,NULL,NULL,NULL,NULL
218461,103512,Pokémon Mystery Dungeon: Let's Go! Tempest Adventure Squad,NULL,2009-08-04,NULL,NULL,NULL,NULL,NULL,NULL
231528,2319,Pokémon Mystery Dungeon: Red Rescue Team,NULL,2005-11-17,13,NULL,NULL,NULL,71.9739,80
231519,128069,Pokémon Mystery Dungeon: Rescue Team DX,NULL,2020-03-06,9,1,65.0000,6,78.8619,23
207057,278775,Pokémon Mystery Universe,"The player is transformed into a Pokémon and cast into an unfamiliar (or familiar...?) world inhabited only by other Pokémon. Recruit new team members to play as and explore with from an ever-expanding pool of Pokémon. Team up with other players and explore the massive open world at your own pace, featuring at least four unique regions.",2016-11-04,NULL,NULL,NULL,NULL,NULL,NULL
130549,294423,Pokemon Mystery Universe,NULL,2020-12-12,NULL,NULL,NULL,NULL,NULL,NULL
51133,266156,Pokemon Myth,"Pokemon Myth is all about proving your worth, with many new faces that believe in you throughout your journey, you must strive to become the new Pokemon Champion and prove to everyone that you are more than just a 16 year old kid from Courmine Village. Throughout your journey you gain trust from many strong trainers, who see potential in you and your love for your region. Along the way, you come face to face with many evil forces... Learn about the ancient Mythan Region, and where it started and how it became what it is now. Discover new land never seen before, and uncover the mysteries of the Guardians of Mythan!",2023-08-30,NULL,NULL,NULL,NULL,NULL,NULL
111562,279053,Pokémon Nightmare Version: Invasion,NULL,NULL,NULL,NULL,NULL,NULL,NULL,NULL
250391,6897,Pokémon Omega Ruby,NULL,2014-11-21,59,1,81.3333,12,82.6084,195
68250,159108,Pokémon Omega Ruby and Pokémon Alpha Sapphire Dual Pack,NULL,2014-11-21,NULL,NULL,NULL,NULL,NULL,NULL
32465,16615,Pokémon Omicron,NULL,2015-03-19,3,NULL,NULL,NULL,NULL,NULL
107066,194322,Pokémon Ópalo,"It's been 60 years since Coach Red became the Kanto Champion.
Humanity has since experienced several economic collapses and humanitarian crises, which added to a change in the mentality of the population, has led to the closure of numerous Gyms and Pokémon Leagues, losing interest in the competition.

The figure of the Pokémon trainer traveling through the region begins to look like a vestige of a golden past.
Only the Cefira region remains a beacon willing to resist this change of cycle. This region is also the current world economic power and the most influential in international political decisions.

Pueblo Brisa, in the rural part of Céfira. A young man receives a letter from an old childhood friend proposing an important mission. A discovery beyond the sea could bring prosperity back to the Pokémon world.

Meanwhile, a strange astral Pokémon has appeared in the dreams of trainers, to announce the arrival of the end of the world.",2022-03-04,NULL,NULL,NULL,NULL,NULL,NULL
234106,66031,Pokémon Party Mini,"Pokémon Party Mini is a collection of several minigames, including: Hitmonchan’s Boxing, where you shake the system to ‘punch’; Pikachu’s Rocket Start, a game where you have to launch off a starting line before another Pokémon; Bellossom’s Dance, a DDR-like game; Chansey’s Dribble, kick the ball to the finish line as quickly as possible; Slowking’s Judge, predict if the tennis ball will land in or out of the court; Sneasel’s Fakeout, a rock-paper-scissors-like game for two players; Battlefield, where two to six players battle for the highest score; and Celebi’s Clock, which is essentially a clock with date, alarm and stopwatch function.",2001-11-16,NULL,NULL,NULL,NULL,NULL,NULL
239397,282376,Pokémon Party Mini 2,NULL,2018-12-31,NULL,NULL,NULL,NULL,NULL,NULL
133344,154415,Pokémon Pathways,NULL,2021-01-01,NULL,NULL,NULL,NULL,NULL,NULL
40917,181508,Pokémon PC Master,NULL,2006-12-31,NULL,NULL,NULL,NULL,NULL,NULL
250116,1518,Pokémon Pearl Version,"The games chronicle the adventures of a new Pokémon trainer who strives to become the Pokémon League Champion by collecting and training Pokémon. Like most games in the series, Diamond and Pearl feature eight Pokémon gyms led by Gym Leaders, professional trainers whose expertise lies in a particular Pokémon type. Gym Leaders (Roark, Gardenia, Maylene, Wake, Fantina, Byron, Candace, and Volkner) serve as bosses and reward skilled trainers with Gym badges, key to the advancement of the plot. As in Ruby and Sapphire, the protagonist must also thwart the schemes of a crime syndicate (and here, it is Team Galactic), who plans to use Pokémon to restructure the region into a utopia.

Like all other Pokémon RPGs, Diamond and Pearl begin in the protagonist's hometown. After viewing a television report about a media-conducted search for a Red Gyarados, which was spotted at a faraway lake (Johto's Lake of Rage) the protagonist and his or her best friend travel together to check the local lake for a Pokémon like it. They spot Professor Rowan, a Pokémon evolution researcher, and his assistant, the playable character not selected in the game: Lucas (boy) or Dawn (girl). After a short discussion, the professor and his assistant leave the lake, leaving a briefcase behind. When they are attacked by wild Starly, the protagonist and his or her rival examine the case. The player is then given a choice among the three Pokémon found in the briefcase (Turtwig, Chimchar, or Piplup) with which to battle the Starly. After defeating the Starly, Lucas or Dawn retrieves and returns the briefcase to the professor. Noticing that a bond has been forged between the young protagonist and his or her chosen Pokémon, Rowan offers it to him or her, asking that he or she embark on a journey and fill his or her Pokédex.

The protagonist encounters the main antagonist, Team Galactic, early in the game, when he or she must save Professor Rowan from its thugs; however, its motives are unclear until later. The protagonist encounters the Team twice (when it takes over a wind farm and when it sets up a base in Eterna City) before it takes over Sinnoh's three lakes in an attempt to capture the Mirage Pokémon (Uxie, Azelf, and Mesprit). Shortly after the player earns his or her seventh Gym Badge, Team Galactic captures the Mirage Pokémon and imprisons them inside the science laboratory of the Team Galactic Headquarters Building, where its members extract crystals from the Pokémon to create the Red Chain, an object that can control the legendary Pokémon Palkia (in Pearl) or Dialga (in Diamond) (both in Pokémon Platinum, though Giratina appears after this). After releasing the trio, the protagonist is able to access the cave atop Mt. Coronet, where the leader of Team Galactic awakens Dialga or Palkia. The legendary Pokémon's powers begin to overwhelm Sinnoh, causing the newly free Uxie, Azelf, and Mesprit to attempt to stop it. The player then battles Palkia/Dialga; after defeating or capturing the Pokémon, Sinnoh returns to normal. After this, the player will continue, eventually battling the Sinnoh Region Pokémon League's Elite Four: Aaron, Bertha, Flint, and Lucian. After defeating all four members, the player will battle the Sinnoh League champion, a woman named Cynthia, who had appeared before in the game. If the protagonist beats Cynthia, he or she is the new Sinnoh League champion, beating the game. After the player beats the game, there is a new island to explore that is filled with other types of Pokémon. His or her old friend, who challenged him or her to battles multiple times before, will be waiting for him or her here. The old friend will challenge the player to another battle. On this island, there are also stores and a tournament center.",2006-09-28,36,NULL,NULL,NULL,81.9865,182
149731,20039,Pokémon Picross,NULL,2015-12-02,3,NULL,71.6667,4,67.2829,19
175423,138961,Pokémon Picross,NULL,NULL,NULL,1,NULL,NULL,NULL,NULL
96605,194330,Pokémon Pikachu,NULL,1998-03-27,NULL,NULL,NULL,NULL,NULL,NULL
41277,212726,Pokémon Pikachu 2,NULL,1999-11-21,NULL,NULL,NULL,NULL,NULL,NULL
64868,4068,Pokémon Pinball,NULL,1999-04-14,14,NULL,NULL,NULL,69.6389,84
181347,66030,Pokémon Pinball Mini,"Starting with Diglett, the player must play his or her way through a total of 90 levels of pinball (70 in Quest mode, and 10 each in Time Attack and Score Attack), the object usually being to put a Poké Ball (serving as the pinball) in each hole. Along the way, the player can catch more Pokémon to use.",2001-11-16,NULL,NULL,NULL,NULL,NULL,NULL
239086,4069,Pokémon Pinball: Ruby & Sapphire,NULL,2003-08-01,6,NULL,75.0000,2,79.9047,38
192489,231706,Pokémon Pink,NULL,NULL,NULL,NULL,NULL,NULL,NULL,NULL
53297,143403,Pokémon Planet,NULL,NULL,NULL,1,NULL,NULL,NULL,NULL
150897,1519,Pokémon Platinum Version,NULL,2008-09-13,66,NULL,78.6000,6,82.9545,329
108148,80213,Pokémon Play It!,NULL,2000-02-01,NULL,3,NULL,NULL,NULL,NULL
172613,24959,Pokémon Play It! Version 2,NULL,2000-02-29,2,NULL,NULL,NULL,NULL,NULL
234036,68380,Pokémon Playhouse,NULL,2017-09-21,NULL,NULL,NULL,NULL,NULL,NULL
83182,198864,Pokémon Poké Ball,NULL,1999-12-31,NULL,NULL,NULL,NULL,NULL,NULL
126917,61007,Pokémon Poké Ball Launcher,NULL,2006-12-31,NULL,NULL,NULL,NULL,NULL,NULL
109757,198865,Pokémon Pokédex Organizer,NULL,1998-12-31,NULL,1,NULL,NULL,NULL,NULL
215708,180957,Pokémon Prisme,NULL,2012-03-24,NULL,1,NULL,NULL,NULL,NULL
9681,131390,Pokémon Project Studio Red/Blue Version,NULL,NULL,NULL,NULL,NULL,NULL,NULL,NULL
191081,181515,Pokémon Project Studio: Blue Version,NULL,1999-11-09,NULL,NULL,NULL,NULL,NULL,NULL
162837,181509,Pokémon Project Studio: Red Version,NULL,1999-11-09,NULL,NULL,NULL,NULL,NULL,NULL
194192,157527,Pokémon Psychic Seeds,NULL,2015-06-16,NULL,NULL,NULL,NULL,NULL,NULL
212047,49857,Pokémon Puzzle Challenge,NULL,2000-09-21,2,NULL,NULL,NULL,79.7970,11
175795,66028,Pokémon Puzzle Collection,"The player is allowed to choose from a selection of different types of puzzles. Initially, the only options are Shadow Puzzle, Motion Puzzle, and Rescue Mission, but after completing 30 puzzles, a fourth variety, Power On, is unlocked. There are 20 puzzles for each type, divided into five levels, with four puzzles to a level. The higher a puzzle's level, the more difficult the puzzle is. Once a puzzle is solved, the Pokémon involved in the puzzle is added to the game's Pokédex, the Minidex.",2001-11-16,NULL,NULL,NULL,NULL,NULL,NULL
233918,66027,Pokémon Puzzle Collection Vol. 2,"It is similar to the first game, but some games have been modified. In addition, there are 80 new puzzles in this game.",2002-04-26,NULL,NULL,NULL,NULL,NULL,NULL
231063,3574,Pokémon Puzzle League,NULL,2000-09-25,9,NULL,NULL,NULL,76.1594,34
197034,147177,Pokémon Quantum,"Are you prepared to see what it's like to live among the microscopical?
After some science stuff gone wrong you find yourself lost in the Quantum Realm!
Explore new types of Pokémon in this exciting short lived story!",2021-03-15,1,NULL,NULL,NULL,NULL,NULL
249929,102874,Pokémon Quest,Set off for adventure in the Pokémon Quest game. Venture out with your Pokémon buddies on expeditions across Tumblecube Island in search of loot in this free-to-start action-adventure. Modify your Pokémon buddies with discovered Power Stones to make your ultimate expedition team.,2018-05-29,3,NULL,60.0000,2,68.2021,41
116741,91823,Pokémon Race Mini,"You have to run and jump over various obstacles in stages in order to get to the end before your opponent. There are obstacles throughout the stages such as grass and water.

You have to complete three laps of each course in order to finish, and with each lap you get a special charge attack in order to quickly shoot forwards, gaining momentum and possibly reaching parts you couldn't previously get to.",2002-07-19,NULL,NULL,NULL,NULL,NULL,NULL
232116,14606,Pokémon Ranger,NULL,2006-03-23,14,NULL,50.0000,1,70.2085,77
236696,4565,Pokémon Ranger: Guardian Signs,NULL,2010-03-06,8,NULL,68.6667,5,75.3830,37
247109,14699,Pokémon Ranger: Shadows of Almia,NULL,2008-03-20,7,NULL,50.0000,3,71.6673,39
43451,143763,Pokémon Raptor EX,NULL,2010-02-15,NULL,NULL,NULL,NULL,NULL,NULL
15104,270629,Pokémon Re:Union,NULL,2023-10-04,NULL,NULL,NULL,NULL,NULL,NULL
238556,218801,Pokémon Realidea System,"In the serene realm of Esoteria, you, the chosen protagonist, embark on the well-trodden path of collecting 8 badges and confronting the revered Pokémon League champion. However, as your journey unfolds, an enigmatic faction surfaces, their aim shrouded in mystery: the creation of artificial bonds between trainers and Pokémon. This raises a haunting query—should such a venture be embraced? Discover the depths of the enigmatic Realidea system, as the Metis Corp.'s investigation unveils secrets that guide you and your newfound comrades through a world teetering on the brink of transformation. Brace yourself for an immersive adventure that challenges reality itself, leaving you captivated and questioning the very essence of this mesmerizing realm.",2022-05-27,NULL,NULL,NULL,NULL,NULL,NULL
51094,127326,Pokémon Reborn,NULL,2015-03-10,2,NULL,NULL,NULL,NULL,NULL
197265,1561,Pokémon Red Version,"The player character starts out in Pallet Town. When the player character tries to leave the town without a Pokémon of their own, they are stopped in the nick of time by Professor Oak, who invites them to his lab. There, he gives them a Pokémon of their own and a Pokédex, telling them about his dream to make a complete guide on every Pokémon in the world. After the player character battles their rival and leaves the lab, they are entitled to win every Gym Badge, compete in the Pokémon League, and fulfill Oak's dream by catching every Pokémon.",1996-02-27,139,NULL,75.0000,1,84.9943,489
220203,165582,"Pokémon Red, White, and Blue","PETA helped Pokémon liberate themselves from their trainers in Pokémon: Black & Blue, but giant corporations are still exploiting Pokémon for nefarious purposes. Are Pokémon profits earned at the expense of animals' well-being? Join PETA as we help Pikachu and his Pokémon friends journey to America to unravel a conspiracy that affects us all!",2013-10-10,NULL,NULL,NULL,NULL,NULL,NULL
95262,139328,Pokémon Rejuvenation,"Many decades ago, Aevium was once a united and strong blossoming region. However, the calamity known as Storm-9 tore the region apart.
The Aevium Region has lived a time of peace since then. Pokémon and Trainers alike band together to create a region worth living in. However, the dark and sinister organization, Team Xen, rises from the shadows to destroy what little peace the region has left. Explore the Aevium Region while also defending the land from Team Xen. Discover the dark secrets this world has kept hidden under the cracks that separate Aevium and shakes it to its very core.

This world needs you.

Will you lend us your strength?",NULL,NULL,1,NULL,NULL,NULL,NULL
239429,280747,Pokémon Reminiscencia,NULL,2023-12-16,NULL,NULL,NULL,NULL,NULL,NULL
171705,129561,Pokémon Revolution Online,NULL,2015-08-15,NULL,NULL,NULL,NULL,NULL,NULL
231188,172758,Pokémon Royal,NULL,2020-06-09,NULL,NULL,NULL,NULL,NULL,NULL
234619,1557,Pokémon Ruby Version,NULL,2002-11-21,90,NULL,NULL,NULL,81.5393,289
181425,4562,Pokémon Rumble,NULL,2009-06-16,5,NULL,NULL,NULL,61.8271,21
99837,4561,Pokémon Rumble Blast,NULL,2011-08-11,5,NULL,58.2000,5,76.2576,15
213111,118490,Pokémon Rumble Rush,NULL,2019-05-15,NULL,NULL,NULL,NULL,69.9537,8
179072,4560,Pokémon Rumble U,NULL,2013-04-24,1,NULL,50.5000,5,69.0000,2
81290,9564,Pokémon Rumble World,"The game is set in the Kingdom of Toys. At the start of the game, the king greets the player's Mii, jealous of a magician who has 10 Pokémon, whereas the king only has one Pikachu. The player's Mii then leaves Castle Town via a hot-air balloon to collect wild Toy Pokémon. As the player befriends wild Toy Pokémon, their Adventurer Rank increases. As their Adventurer Rank increases, more items are available in the shop and the stages will feature more powerful Pokémon.",2015-04-08,2,NULL,70.0000,1,70.8650,13
175506,250200,Pokémon Sage,NULL,NULL,NULL,NULL,NULL,NULL,NULL,NULL
39563,272886,Pokemon Saiph 2,NULL,2023-09-22,NULL,NULL,NULL,NULL,NULL,NULL
150993,1515,Pokémon Sapphire Version,NULL,2002-11-21,67,1,NULL,NULL,82.7346,247
234171,76863,Pokémon Say Tap?,NULL,2011-07-15,NULL,NULL,NULL,NULL,NULL,NULL
160662,191931,Pokémon Scarlet,NULL,2022-11-18,5,NULL,74.0000,3,64.9656,53
89331,240083,Pokémon Scarlet + The Hidden Treasure of Area Zero,NULL,2023-11-03,NULL,NULL,NULL,NULL,NULL,NULL
107563,203516,Pokémon Scarlet and Pokémon Violet Double Pack,NULL,2022-11-18,NULL,3,73.7500,8,NULL,NULL
166823,239935,Pokémon Scarlet: The Hidden Treasure of Area Zero,NULL,2023-02-27,NULL,NULL,70.0000,1,NULL,NULL
125240,61005,Pokémon Seek & Find,NULL,2006-12-31,NULL,NULL,NULL,NULL,NULL,NULL
144843,199782,Pokémon Shattered Dimensions,"A family travels to a new place, because one of them will have to move there in a year for study reasons, and they must look for a good house where they can live. A few days later, two brothers begin a challenge, which consists of collecting 9 passes that are given to winners of small tournaments in the cities, in order to have the opportunity to participate in a festival where they will face the best.

With the intention of winning, the protagonist embarks on his journey with a little Shinx, who was his gift for his twelfth birthday. However, a sinister figure appears with hostile intentions. Familiar and new faces await you.",2022-03-31,NULL,NULL,NULL,NULL,NULL,NULL
188530,223053,Pokémon Shattered Light,"Welcome to the Tepora Region. Challenge the Gym Challenge and become the Tepora Champion! Meet all kinds of different Pokémon, including a full completable National Dex along with Mega Evolutions, Shadow Pokémon and an estimated 10h story line to go along with it. You meet tons of different people. And you can even challenge the Battle Facilities once you've become the champion.",2022-08-11,1,NULL,NULL,NULL,NULL,NULL
160849,115653,Pokémon Shield,NULL,2019-11-15,60,18,67.5000,2,65.6415,157
172558,240024,Pokémon Shield + Expansion Pass,NULL,2020-06-11,NULL,NULL,NULL,NULL,NULL,NULL
172259,128073,Pokémon Shield Expansion Pass,NULL,2020-01-09,2,2,NULL,NULL,NULL,NULL
247984,144052,Pokémon Shining Pearl,NULL,2021-11-19,2,2,84.6667,3,78.4847,25
193561,87797,Pokémon Showdown,NULL,2011-10-01,2,2,NULL,NULL,66.1009,11
154196,8592,Pokémon Shuffle,NULL,2015-02-18,6,NULL,62.5000,3,63.6582,45
65025,1513,Pokémon Silver Version,NULL,1999-11-21,114,NULL,85.0000,2,87.9432,324
100199,288369,Pokémon Sky Stacker,NULL,2007-03-31,NULL,NULL,NULL,NULL,NULL,NULL
127654,123089,Pokémon Sleep,NULL,2023-07-17,NULL,NULL,NULL,NULL,NULL,NULL
234217,135145,Pokémon Smile,NULL,2020-06-17,NULL,NULL,NULL,NULL,NULL,NULL
106898,2324,Pokémon Snap,NULL,1999-03-21,40,NULL,NULL,NULL,76.4756,197
159691,92306,Pokémon Sodateyasan Mini,"After setting the time and choosing a name, Professor Birch tells the player that he found rare eggs. However, he is too busy to take care of them, so he gives the player a choice between a Torchic, a Treecko, or a Mudkip to hatch and raise. The player's first task is to place the egg into a basket and stroke it until it hatches.

The player interacts with the Pokémon using the D-pad to move a cursor around the interface. The player can pet, play with, and drag their Pokémon with this cursor. They can also interact with background objects such as a light switch and a drawer.

Unlike standard virtual pet video games, the player's goal in Pokémon Breeder mini is not to keep the Pokémon alive but rather to train it in three out of four different skill categories. The game allows the player to train their Pokémon by playing with it using various toys, feeding it Pokéblocks, and playing with it outside in various challenges.",2002-12-14,NULL,NULL,NULL,NULL,NULL,NULL
234652,143764,Pokémon Solar Light & Lunar Dark,NULL,2019-01-10,NULL,NULL,NULL,NULL,NULL,NULL
61626,1520,Pokémon SoulSilver Version,NULL,2009-09-12,64,NULL,90.0000,2,90.5436,253
156671,221276,Pokémon Soulstones,NULL,2020-09-27,NULL,NULL,NULL,NULL,NULL,NULL
209089,243998,Pokémon Sphynx,NULL,NULL,NULL,NULL,NULL,NULL,NULL,NULL
190243,146982,Pokémon Splice,"The story of the game centers around two teams that perform genetic experiments on Pokémon to create new forms. The two teams are the Biogress Foundation and Quantech Co.

Play as a research assistant, helping Professor Cypress discover new Pokémon forms!
Your starter ""Arenay"" is a special Pokémon that can change to any type!
Experience a branching story, with two opposing research organizations you can join!
There are multiple chapters with crossing paths!
Discover new Stacona evolutions and regional forms!
and much more!",2020-08-10,1,1,NULL,NULL,NULL,NULL
181366,2289,Pokémon Stadium,NULL,1999-04-30,48,NULL,NULL,NULL,73.1322,236
240,163098,Pokémon Stadium,NULL,NULL,NULL,NULL,NULL,NULL,NULL,NULL
129179,2290,Pokémon Stadium 2,NULL,2000-12-14,34,NULL,60.0000,1,76.1820,139
93555,145809,Pokémon Steam,"During the world creation, Arceus - god of Pokémons - was attacked by a ""dimensional Pokémon"", severely injuring it in one blow. To face this terrible threat, Arceus called Palkia, Dialga and Giratina as reinforcements.

After a fierce fight, the four legendary Pokémons had just enough strength to stand up to this mysterious Pokémon. They miraculously managed to force him back into his dimension.

Arceus later realized that it was he who attracted this dimensional Pokémon, probably because he was the most powerful one in this universe. He then locked himself in his own dimension so as not to be threatened anymore.

But among the inhabitants born from the creation of Arceus, a high-ranking person remembered the existence of the dimensional Pokémon. He had only one desire: to seize its power by any means possible.

As the child of the League Champion, you will traverse and explore the Exodius region, pit your strength against its Gym Leaders, face the current Champion and become the most powerful trainer the region will ever know!",2020-01-16,1,NULL,NULL,NULL,NULL,NULL
250386,18100,Pokémon Sun,"Embark on a new adventure as a Pokémon Trainer and catch, battle, and trade all-new Pokémon on the tropical islands of the Alola Region. Discover the Z-Moves and unleash these intense attacks in battle. Call upon Pokémon with Poké Ride to discover new areas across the region and take on the Island Challenge Trials to become the Pokémon Champion!

Choose one of three new partner Pokémon that will accompany you as you set out on an all-new adventure and discover new Pokémon and regional variant Pokémon in the Alola region. Catch and train Pokémon as you encounter captains, and kahunas of the 4 main Islands of the region. Discover the mystery of the Legendary Pokémon while stopping Team Skull from causing chaos throughout the land.",2016-11-18,75,19,86.0000,23,75.5212,186
190374,136900,Pokémon Sun Moon Double Pack,NULL,NULL,NULL,NULL,NULL,NULL,NULL,NULL
50873,135943,Pokémon Sunday,"The player washes up on the shores of the Igandea River near Germanium Village with no memory of who they are or how they got there. The local Pokemon researcher, Professor Cherry suggests visiting the gym leaders of nearby towns. As they are community leaders, he suggests they may recognize you. The player journeys around, meeting the gym leaders, and slowly realizing that while some people recognize them, they seem hesitant to help the player out.
The player goes on a journey of rooting out corruption as they try to discover their identity.",2019-04-27,NULL,NULL,NULL,NULL,NULL,NULL
244678,10906,Pokémon Super Mystery Dungeon,NULL,2015-09-17,13,1,72.8571,7,70.9547,41
250566,37382,Pokémon Sword,NULL,2019-11-15,78,25,82.3636,11,72.3378,210
187985,115652,Pokémon Sword & Pokémon Shield Double Pack,NULL,2019-11-15,17,1,NULL,NULL,NULL,NULL
172527,240027,Pokémon Sword + Expansion Pass,NULL,2020-06-11,NULL,NULL,NULL,NULL,NULL,NULL
171899,128071,Pokémon Sword Expansion Pass,NULL,2020-01-09,3,1,NULL,NULL,72.2069,5
182983,61001,Pokémon Team Rocket Blast Off,NULL,2006-12-31,NULL,NULL,NULL,NULL,NULL,NULL
202286,64034,Pokémon Team Turbo,NULL,2005-12-31,NULL,NULL,NULL,NULL,NULL,NULL
215767,251716,Pokémon Tectonic,NULL,2021-12-04,NULL,NULL,NULL,NULL,NULL,NULL
167548,252431,Pokémon Tectonic,"A team formed twenty years ago to investigate Makya's mysterious and ancient caves. They invested millions of dollars into infrastructure in southern Makya, and were involved in numerous projects both secret and dangerous. Eight years ago, however, they were suddenly disbanded by the actions of a lone Pokémon trainer. Still, a deal struck between the top brass and the Makyan government allowed most members to avoid jail time. By now, most former Team Chasm members have integrated into Makyan society, but some of the public still refuse to forgive and forget.",NULL,NULL,NULL,NULL,NULL,NULL,NULL
233929,25027,Pokémon Tetris,NULL,2002-03-21,NULL,NULL,NULL,NULL,NULL,NULL
200280,227653,Pokémon This Gym of Mine,NULL,2019-12-31,2,2,NULL,NULL,89.5652,11
113002,191939,Pokémon Titan,"The protagonist of this story is a young adult, his mother decides that it is time for him to leave the house. Start your adventure through the Aleteia region, catch all kinds of Pokemon, and face the the prestigious Pokemon League.

On your way you will find many characters, friends, rivals and enemies, as you discover a story full of twists that always has something to offer.",2018-01-06,NULL,NULL,NULL,NULL,NULL,NULL
212175,254176,Pokémon Tower Battle,NULL,2019-12-23,NULL,NULL,NULL,NULL,NULL,NULL
61304,143767,Pokémon Tower Defense,NULL,2011-03-30,NULL,NULL,NULL,NULL,NULL,NULL
229617,180292,Pokémon Tower Defense 2,NULL,2012-11-27,NULL,NULL,NULL,NULL,NULL,NULL
241360,4567,Pokémon Trading Card Game,NULL,1998-12-18,30,NULL,NULL,NULL,74.4566,107
138053,171816,Pokémon Trading Card Game Live,NULL,2022-02-17,NULL,2,NULL,NULL,69.1264,5
198477,24423,Pokémon Trading Card Game Online,NULL,2011-03-24,100,1,NULL,NULL,64.5902,43
113917,288324,Pokémon Trading Card Game Pocket,NULL,2024-12-31,NULL,5,NULL,NULL,NULL,NULL
183044,131497,Pokémon Tretta,NULL,2012-07-14,NULL,NULL,NULL,NULL,NULL,NULL
233962,8588,Pokémon Trozei!,NULL,2005-10-20,2,NULL,70.0000,1,70.1070,16
151023,36793,Pokémon Ultra Moon,NULL,2017-11-17,43,18,82.5000,4,67.9018,80
238199,36792,Pokémon Ultra Sun,NULL,2017-11-17,77,36,84.1000,12,73.4048,86
180937,136275,Pokémon Ultra Sun & Pokémon Ultra Moon: Veteran Trainer's Dual Pack,NULL,NULL,NULL,NULL,NULL,NULL,NULL,NULL
534,136892,Pokémon Ultra Sun Ultra Moon Double Pack,NULL,NULL,NULL,NULL,NULL,NULL,NULL,NULL
61122,271214,Pokémon Unbreakable Ties,"Travel through the Akebia's region, an invented region based in a tropical place. There's no starter to choose, you will see why, but your first Pokemon will be Riolu, a pokemon that you need to create a tie with it to make it stronger. This is how the philosophy of stong trainers works, the tie with your Pokemon is the most important thing.
As the protagonist, you are a teenager, like 16 years old, and you don't know what to do with your life. It's then, when your rivals and mostly, your father, will push you to have your firts Pokemon to see the world.

All the charaters in game are totally invented, so you won't see Ash, Gray and the thypical characters.
About the Villans, they're the Royal Family. They're suposed the maximum power in the region, that makes that all the people has to make what they say. Nobody can't contadict their decisions. Are they suposed to be from the heaven? You will see through the story.

The legendary Pokemon, in this case, are Latias and Latios, the protectors of the Akebia's region. But, are they strong enough to battle the Royal Familly? You will need to help them through the adventure.",NULL,NULL,NULL,NULL,NULL,NULL,NULL
248429,135381,Pokémon Unite,NULL,2021-07-20,23,1,75.0000,2,70.6988,49
91399,24949,Pokémon Uranium,NULL,2016-08-06,6,NULL,NULL,NULL,80.0942,14
192542,242897,Pokémon Vanguard,"Life of a Pokemon Trainer, leave home at a young age, collect Gym Badges and Pokemon, and take on the Pokemon league. It was what everyone aspired to be at a young age, and with such ease, anyone could do it.

That was over 50 years ago...

Enter Ayrei, the first region to enter the Modern era.

In this time, Pokemon Trainers are tasked with protecting the lives of both innocent people and Pokemon across the world. One cannot become or act as a Pokemon trainer without the proper training licensing. Against them, are the Renegades, those who claim the title of a Pokemon Trainer, yet oppose these modern laws and ideas.",NULL,NULL,NULL,NULL,NULL,NULL,NULL
199144,191930,Pokémon Violet,NULL,2022-11-18,8,1,80.0000,1,70.7572,53
219779,240084,Pokémon Violet + The Hidden Treasure of Area Zero,NULL,2023-11-03,NULL,NULL,NULL,NULL,NULL,NULL
69931,239934,Pokémon Violet: The Hidden Treasure of Area Zero,NULL,2023-02-27,NULL,NULL,NULL,NULL,NULL,NULL
222520,199996,Pokémon Void,NULL,2022-03-01,NULL,NULL,NULL,NULL,NULL,NULL
221712,115731,Pokémon VR: Ash's Room,"''This is a fan made Project and has no ties to Nintendo or the Pokemon Company. I made this because I love the Pokemon series and wanted to make something that would pay tribute and put a smile on the face of other fans.

I designed it for the HTC Vive and that's what I also tested it on but I also went ahead and mapped the Oculus Touch key as well. Since I do not have an Oculus Touch I can't 100% guarantee that it will work as intended. I've had a few people test it out on theirs and said it was playable. '' - Jarlan Perez",2017-02-17,NULL,NULL,NULL,NULL,NULL,NULL
50187,146556,Pokémon Wack,NULL,NULL,NULL,NULL,NULL,NULL,NULL,NULL
203750,1522,Pokémon White Version,NULL,2010-09-18,41,NULL,80.0000,1,81.5346,213
218364,8353,Pokémon White Version 2,NULL,2012-06-23,35,NULL,80.0000,3,81.6480,138
15221,204629,Pokémon Wilds,NULL,2021-10-29,1,NULL,NULL,NULL,NULL,NULL
250120,2286,Pokémon X,NULL,2013-10-12,60,3,87.4000,11,78.3305,253
127927,2724,Pokémon XD: Gale of Darkness,NULL,2005-08-04,15,NULL,40.0000,1,70.3540,71
55706,218201,Pokémon Xenoverse: Per Aspera Ad Astra,"""The search for a father who has disappeared into nowhere is intertwined with a much more complex matter: interdimensional faults have begun to become more and more frequent in the Eldiw region, now invaded by the terrible X Species... The Xenoverse Eclipse is just around the corner and Team Dimension seems to have something to do with it! Will you be able to stop its shady plots and maintain the balance between the Earth and the Xenoverse, whose indissoluble bond has its roots in the past?""",2020-12-18,NULL,NULL,NULL,NULL,NULL,NULL
106950,2287,Pokémon Y,NULL,2013-10-12,73,5,91.2500,4,80.0087,260
134185,1512,Pokémon Yellow Version: Special Pikachu Edition,"Like Pokémon Red and Blue, Yellow takes place in the region of Kanto, which features habitats for 151 Pokémon species. The objectives remain the same as well, though some differences exist along the way. For example, in the beginning, the player is not given an option of choosing one of three starters. Instead, a wild Pikachu that Professor Oak catches becomes player's Pokémon, while the rival character takes an Eevee that was intended for the player. The plot takes from the anime, and features characters that were not featured in the game or have been enhanced to resemble their anime characters, including Jessie, James, Meowth, Nurse Joy and Officer Jenny. Similar to the anime, Pikachu refuses to evolve. Players are also given the opportunity to obtain the original three starters. As players quest on, they collect more Pokémon and use them to defeat the eight Gym Leaders and eventually the Elite Four, all the while battling Team Rocket, a gang devoted to using Pokémon in order to make themselves more powerful.",1998-09-12,106,NULL,80.0000,2,82.9193,434
3695,43174,Pokémon Zany Cards,Pokémon Zany Cards​ is a small collection of four card games featuring Pokémon-oriented cards.,2001-11-16,NULL,NULL,NULL,NULL,NULL,NULL
200720,289581,Pokémon: A Farfetch'd Story,NULL,2022-02-20,NULL,NULL,NULL,NULL,NULL,NULL
156877,147050,Pokémon: A Slice of Life,"It's just a normal day for you in Magoor Town.
You hang out with your friends, craving their respect.
You receive a new Pokémon from your scientist father.
You eat pizza at the famous Phil's Pizza Parlor.
Everything is going to be perfectly normal today!

...This game has nothing to do with time travel, dinosaurs, clowns, thieves, bikers, robots, airships, and pirates.

I love pizza!",2020-08-10,1,NULL,NULL,NULL,NULL,NULL
209430,281477,Pokémon: Abstract Version,"Welcome to the Velos Region!
Velos supports a wide variety of cultures, landscapes and unique views.
...Although, because of its diversity, this region is divided into four provinces, each with their own differences and conflicts.

It's time for you to go out into the unknown!
Traverse new areas, take on the Velos Gym Challenge, find new Pokémon, and meet people with new perspectives at your OWN leisure!",2023-08-10,NULL,NULL,NULL,NULL,NULL,NULL
106063,294650,Pokémon: Battle Trainer,NULL,2005-12-31,NULL,NULL,NULL,NULL,NULL,NULL
70289,143023,Pokémon: Blossom of the Soul,"The Caracara region, although far apart from Camry, Tentin, or Dulyn, is a popular destination for all Trainers in the entire world. Due to its status as a melting pot, many opposing ideas combine.
Many years before the events of the story, a mysterious group of people named the Island Protection Squad pledged to revive the region, which was struggling with climate change and pollution.
Unfortunately, the group assumed too much power, and destroyed one of the islands. Due to this sudden act, they were banished from the region, then later disbanded.
Present day, you and your friend go on a journey with two characters, a kind girl named Myrtle, and a mysterious, aggressive, and sword-wielding girl nicknamed Blade. You travel through the Caracara region, still feeling the effects of the Island Protection Squad all those years ago.

With the new region, brings a whole new story! It is separate from DrawnToast's other games, and it is not necessary to play their older games to understand the story. However, some parts of the story will make more sense if you play Tentin Redux, The Light in Our Hearts, and The Camry Legend 2 beforehand!",2020-10-03,NULL,NULL,NULL,NULL,NULL,NULL
234033,288076,Pokémon: Breakdown Blast,NULL,2007-12-31,NULL,NULL,NULL,NULL,NULL,NULL
215775,265218,Pokémon: Burning Lotus Version,NULL,NULL,1,NULL,NULL,NULL,NULL,NULL
108087,266866,Pokémon: Close Combat,NULL,2023-01-20,NULL,NULL,NULL,NULL,NULL,NULL
62670,209799,Pokémon: Eclat Pourpre,NULL,2015-12-31,NULL,NULL,NULL,NULL,NULL,NULL
163762,191277,Pokémon: Greg Version,NULL,2022-02-03,NULL,NULL,NULL,NULL,NULL,NULL
124305,135872,Pokémon: Legends of the Arena,NULL,2020-06-25,NULL,NULL,NULL,NULL,NULL,NULL
7987,136786,"Pokémon: Let’s Go, Pikachu! + Poké Ball Plus Pack",NULL,2018-11-16,NULL,NULL,NULL,NULL,NULL,NULL
248172,102873,"Pokémon: Let's Go, Eevee!",NULL,2018-11-16,40,8,80.0000,2,69.4137,128
180932,153546,"Pokémon: Let's Go, Eevee! + Poké Ball Plus Pack",NULL,2018-11-16,NULL,NULL,NULL,NULL,NULL,NULL
250557,25877,"Pokémon: Let's Go, Pikachu!",NULL,2018-11-16,50,11,76.6923,16,75.0451,112
234062,32124,Pokémon: Magikarp Jump,NULL,2017-05-23,7,NULL,NULL,NULL,56.3120,29
94733,64033,Pokémon: Masters Arena,NULL,2003-12-31,NULL,NULL,NULL,NULL,NULL,NULL
100360,289143,Pokémon: Tick-Tock Walk!,NULL,2010-10-14,NULL,NULL,NULL,NULL,NULL,NULL
47771,203147,Pokémon: Towering Legends,NULL,2007-12-31,NULL,NULL,NULL,NULL,NULL,NULL
135150,136545,Pokémon: Type Wild,NULL,2006-12-31,NULL,NULL,NULL,NULL,NULL,NULL
125460,131002,Pokémon-e: Expedition Base Set,NULL,2001-12-01,NULL,NULL,NULL,NULL,NULL,NULL
148263,243434,Super Pokémon Eevee Edition,NULL,2023-03-30,NULL,NULL,NULL,NULL,NULL,NULL
135516,61693,Touzoku to 1000-biki no Pokémon,NULL,2014-06-05,NULL,NULL,NULL,NULL,NULL,NULL
32664,246577,Twitch Dates Pokemon,NULL,2015-01-31,NULL,NULL,NULL,NULL,NULL,NULL
122168,191640,Who's That Pokémon?,NULL,2013-12-31,NULL,NULL,NULL,NULL,NULL,NULL
